Cluster,BALANCE,BALANCE_FREQUENCY,PURCHASES,ONEOFF_PURCHASES,INSTALLMENTS_PURCHASES,CASH_ADVANCE,PURCHASES_FREQUENCY,ONEOFF_PURCHASES_FREQUENCY,PURCHASES_INSTALLMENTS_FREQUENCY,CASH_ADVANCE_FREQUENCY,CASH_ADVANCE_TRX,PURCHASES_TRX,CREDIT_LIMIT,PAYMENTS,MINIMUM_PAYMENTS,PRC_FULL_PAYMENT,TENURE
0,3612.839016627706,0.9805293333333334,10248.630822510824,7101.774329004328,3149.453896103896,548.2078322510822,0.9269906883116883,0.7471664805194805,0.7351305324675325,0.06493504329004329,1.7835497835497836,93.61471861471861,9970.77922077922,9146.994585493507,2132.178677926407,0.33884717316017315,11.935064935064934
1,4409.561265651163,0.9314223023255814,604.9984332925337,369.4350550795594,235.64532435740514,6047.743862070992,0.29005523133414934,0.13793580660954713,0.1953095446756426,0.45322458751529987,14.357405140758875,8.81640146878825,7876.193390452876,4508.060752823745,1660.8894229534885,0.05323158017135863,11.275397796817625
2,1210.4368945635283,0.8686533405466971,774.1034953176411,425.2057909390028,349.1532953682612,467.3821452801822,0.49829504365983296,0.19320517046317387,0.37108721285750446,0.10430980890913694,2.1431283219438115,13.0125284738041,3984.5264656179447,1229.5110214269805,722.9101022710706,0.1586917496836244,11.53011895722602
